<?xml version="1.0" encoding="UTF-8"?>
<CellCounter_Marker_File>
 <Image_Properties>
     <Image_Filename>16-Pos_005_000</Image_Filename>
 </Image_Properties>
 <Marker_Data>
     <Current_Type>7</Current_Type>
     <Marker_Type>
         <Type>1</Type>
         <Marker>
             <MarkerX>333</MarkerX>
             <MarkerY>161</MarkerY>
             <MarkerZ>11</MarkerZ>
         </Marker>
         <Marker>
             <MarkerX>281</MarkerX>
             <MarkerY>181</MarkerY>
             <MarkerZ>9</MarkerZ>
         </Marker>
         <Marker>
             <MarkerX>349</MarkerX>
             <MarkerY>77</MarkerY>
             <MarkerZ>9</MarkerZ>
         </Marker>
         <Marker>
             <MarkerX>193</MarkerX>
             <MarkerY>265</MarkerY>
             <MarkerZ>9</MarkerZ>
         </Marker>
         <Marker>
             <MarkerX>212</MarkerX>
             <MarkerY>388</MarkerY>
             <MarkerZ>7</MarkerZ>
         </Marker>
         <Marker>
             <MarkerX>352</MarkerX>
             <MarkerY>470</MarkerY>
             <MarkerZ>11</MarkerZ>
         </Marker>
         <Marker>
             <MarkerX>572</MarkerX>
             <MarkerY>439</MarkerY>
             <MarkerZ>10</MarkerZ>
         </Marker>
         <Marker>
             <MarkerX>629</MarkerX>
             <MarkerY>472</MarkerY>
             <MarkerZ>9</MarkerZ>
         </Marker>
         <Marker>
             <MarkerX>692</MarkerX>
             <MarkerY>325</MarkerY>
             <MarkerZ>10</MarkerZ>
         </Marker>
         <Marker>
             <MarkerX>680</MarkerX>
             <MarkerY>107</MarkerY>
             <MarkerZ>4</MarkerZ>
         </Marker>
         <Marker>
             <MarkerX>950</MarkerX>
             <MarkerY>93</MarkerY>
             <MarkerZ>11</MarkerZ>
         </Marker>
         <Marker>
             <MarkerX>1130</MarkerX>
             <MarkerY>141</MarkerY>
             <MarkerZ>11</MarkerZ>
         </Marker>
         <Marker>
             <MarkerX>868</MarkerX>
             <MarkerY>773</MarkerY>
             <MarkerZ>10</MarkerZ>
         </Marker>
         <Marker>
             <MarkerX>493</MarkerX>
             <MarkerY>795</MarkerY>
             <MarkerZ>11</MarkerZ>
         </Marker>
     </Marker_Type>
     <Marker_Type>
         <Type>2</Type>
         <Marker>
             <MarkerX>69</MarkerX>
             <MarkerY>608</MarkerY>
             <MarkerZ>10</MarkerZ>
         </Marker>
         <Marker>
             <MarkerX>1233</MarkerX>
             <MarkerY>401</MarkerY>
             <MarkerZ>11</MarkerZ>
         </Marker>
         <Marker>
             <MarkerX>933</MarkerX>
             <MarkerY>531</MarkerY>
             <MarkerZ>10</MarkerZ>
         </Marker>
         <Marker>
             <MarkerX>1238</MarkerX>
             <MarkerY>771</MarkerY>
             <MarkerZ>9</MarkerZ>
         </Marker>
         <Marker>
             <MarkerX>842</MarkerX>
             <MarkerY>693</MarkerY>
             <MarkerZ>9</MarkerZ>
         </Marker>
     </Marker_Type>
     <Marker_Type>
         <Type>3</Type>
         <Marker>
             <MarkerX>216</MarkerX>
             <MarkerY>532</MarkerY>
             <MarkerZ>9</MarkerZ>
         </Marker>
     </Marker_Type>
     <Marker_Type>
         <Type>4</Type>
     </Marker_Type>
     <Marker_Type>
         <Type>5</Type>
     </Marker_Type>
     <Marker_Type>
         <Type>6</Type>
     </Marker_Type>
     <Marker_Type>
         <Type>7</Type>
     </Marker_Type>
     <Marker_Type>
         <Type>8</Type>
         <Marker>
             <MarkerX>156</MarkerX>
             <MarkerY>269</MarkerY>
             <MarkerZ>1</MarkerZ>
         </Marker>
         <Marker>
             <MarkerX>231</MarkerX>
             <MarkerY>182</MarkerY>
             <MarkerZ>1</MarkerZ>
         </Marker>
         <Marker>
             <MarkerX>310</MarkerX>
             <MarkerY>141</MarkerY>
             <MarkerZ>1</MarkerZ>
         </Marker>
         <Marker>
             <MarkerX>318</MarkerX>
             <MarkerY>56</MarkerY>
             <MarkerZ>1</MarkerZ>
         </Marker>
         <Marker>
             <MarkerX>386</MarkerX>
             <MarkerY>149</MarkerY>
             <MarkerZ>1</MarkerZ>
         </Marker>
         <Marker>
             <MarkerX>394</MarkerX>
             <MarkerY>241</MarkerY>
             <MarkerZ>1</MarkerZ>
         </Marker>
         <Marker>
             <MarkerX>429</MarkerX>
             <MarkerY>320</MarkerY>
             <MarkerZ>1</MarkerZ>
         </Marker>
         <Marker>
             <MarkerX>477</MarkerX>
             <MarkerY>406</MarkerY>
             <MarkerZ>1</MarkerZ>
         </Marker>
         <Marker>
             <MarkerX>443</MarkerX>
             <MarkerY>442</MarkerY>
             <MarkerZ>1</MarkerZ>
         </Marker>
         <Marker>
             <MarkerX>357</MarkerX>
             <MarkerY>425</MarkerY>
             <MarkerZ>1</MarkerZ>
         </Marker>
         <Marker>
             <MarkerX>234</MarkerX>
             <MarkerY>483</MarkerY>
             <MarkerZ>1</MarkerZ>
         </Marker>
         <Marker>
             <MarkerX>183</MarkerX>
             <MarkerY>385</MarkerY>
             <MarkerZ>1</MarkerZ>
         </Marker>
         <Marker>
             <MarkerX>629</MarkerX>
             <MarkerY>279</MarkerY>
             <MarkerZ>1</MarkerZ>
         </Marker>
         <Marker>
             <MarkerX>685</MarkerX>
             <MarkerY>310</MarkerY>
             <MarkerZ>1</MarkerZ>
         </Marker>
         <Marker>
             <MarkerX>775</MarkerX>
             <MarkerY>374</MarkerY>
             <MarkerZ>1</MarkerZ>
         </Marker>
         <Marker>
             <MarkerX>675</MarkerX>
             <MarkerY>436</MarkerY>
             <MarkerZ>1</MarkerZ>
         </Marker>
         <Marker>
             <MarkerX>621</MarkerX>
             <MarkerY>123</MarkerY>
             <MarkerZ>1</MarkerZ>
         </Marker>
         <Marker>
             <MarkerX>862</MarkerX>
             <MarkerY>235</MarkerY>
             <MarkerZ>1</MarkerZ>
         </Marker>
         <Marker>
             <MarkerX>979</MarkerX>
             <MarkerY>177</MarkerY>
             <MarkerZ>1</MarkerZ>
         </Marker>
         <Marker>
             <MarkerX>1085</MarkerX>
             <MarkerY>84</MarkerY>
             <MarkerZ>1</MarkerZ>
         </Marker>
         <Marker>
             <MarkerX>1120</MarkerX>
             <MarkerY>44</MarkerY>
             <MarkerZ>1</MarkerZ>
         </Marker>
         <Marker>
             <MarkerX>1176</MarkerX>
             <MarkerY>162</MarkerY>
             <MarkerZ>1</MarkerZ>
         </Marker>
         <Marker>
             <MarkerX>1049</MarkerX>
             <MarkerY>307</MarkerY>
             <MarkerZ>1</MarkerZ>
         </Marker>
         <Marker>
             <MarkerX>1148</MarkerX>
             <MarkerY>347</MarkerY>
             <MarkerZ>1</MarkerZ>
         </Marker>
         <Marker>
             <MarkerX>1230</MarkerX>
             <MarkerY>299</MarkerY>
             <MarkerZ>1</MarkerZ>
         </Marker>
         <Marker>
             <MarkerX>1299</MarkerX>
             <MarkerY>156</MarkerY>
             <MarkerZ>1</MarkerZ>
         </Marker>
         <Marker>
             <MarkerX>1207</MarkerX>
             <MarkerY>577</MarkerY>
             <MarkerZ>1</MarkerZ>
         </Marker>
         <Marker>
             <MarkerX>1294</MarkerX>
             <MarkerY>755</MarkerY>
             <MarkerZ>1</MarkerZ>
         </Marker>
         <Marker>
             <MarkerX>1201</MarkerX>
             <MarkerY>744</MarkerY>
             <MarkerZ>1</MarkerZ>
         </Marker>
         <Marker>
             <MarkerX>1078</MarkerX>
             <MarkerY>822</MarkerY>
             <MarkerZ>1</MarkerZ>
         </Marker>
         <Marker>
             <MarkerX>1093</MarkerX>
             <MarkerY>604</MarkerY>
             <MarkerZ>1</MarkerZ>
         </Marker>
         <Marker>
             <MarkerX>929</MarkerX>
             <MarkerY>532</MarkerY>
             <MarkerZ>1</MarkerZ>
         </Marker>
         <Marker>
             <MarkerX>881</MarkerX>
             <MarkerY>557</MarkerY>
             <MarkerZ>1</MarkerZ>
         </Marker>
         <Marker>
             <MarkerX>872</MarkerX>
             <MarkerY>647</MarkerY>
             <MarkerZ>1</MarkerZ>
         </Marker>
         <Marker>
             <MarkerX>904</MarkerX>
             <MarkerY>705</MarkerY>
             <MarkerZ>1</MarkerZ>
         </Marker>
         <Marker>
             <MarkerX>803</MarkerX>
             <MarkerY>683</MarkerY>
             <MarkerZ>1</MarkerZ>
         </Marker>
         <Marker>
             <MarkerX>658</MarkerX>
             <MarkerY>642</MarkerY>
             <MarkerZ>1</MarkerZ>
         </Marker>
         <Marker>
             <MarkerX>619</MarkerX>
             <MarkerY>715</MarkerY>
             <MarkerZ>1</MarkerZ>
         </Marker>
         <Marker>
             <MarkerX>652</MarkerX>
             <MarkerY>854</MarkerY>
             <MarkerZ>1</MarkerZ>
         </Marker>
         <Marker>
             <MarkerX>504</MarkerX>
             <MarkerY>909</MarkerY>
             <MarkerZ>1</MarkerZ>
         </Marker>
         <Marker>
             <MarkerX>516</MarkerX>
             <MarkerY>789</MarkerY>
             <MarkerZ>1</MarkerZ>
         </Marker>
         <Marker>
             <MarkerX>549</MarkerX>
             <MarkerY>701</MarkerY>
             <MarkerZ>1</MarkerZ>
         </Marker>
         <Marker>
             <MarkerX>279</MarkerX>
             <MarkerY>829</MarkerY>
             <MarkerZ>1</MarkerZ>
         </Marker>
         <Marker>
             <MarkerX>204</MarkerX>
             <MarkerY>785</MarkerY>
             <MarkerZ>1</MarkerZ>
         </Marker>
         <Marker>
             <MarkerX>157</MarkerX>
             <MarkerY>848</MarkerY>
             <MarkerZ>1</MarkerZ>
         </Marker>
         <Marker>
             <MarkerX>56</MarkerX>
             <MarkerY>866</MarkerY>
             <MarkerZ>1</MarkerZ>
         </Marker>
         <Marker>
             <MarkerX>113</MarkerX>
             <MarkerY>932</MarkerY>
             <MarkerZ>1</MarkerZ>
         </Marker>
         <Marker>
             <MarkerX>201</MarkerX>
             <MarkerY>945</MarkerY>
             <MarkerZ>1</MarkerZ>
         </Marker>
     </Marker_Type>
 </Marker_Data>
</CellCounter_Marker_File>
